file,class,type,cbo,cboModified,fanin,fanout,wmc,dit,noc,rfc,lcom,lcom*,tcc,lcc,totalMethodsQty,staticMethodsQty,publicMethodsQty,privateMethodsQty,protectedMethodsQty,defaultMethodsQty,visibleMethodsQty,abstractMethodsQty,finalMethodsQty,synchronizedMethodsQty,totalFieldsQty,staticFieldsQty,publicFieldsQty,privateFieldsQty,protectedFieldsQty,defaultFieldsQty,finalFieldsQty,synchronizedFieldsQty,nosi,loc,returnQty,loopQty,comparisonsQty,tryCatchQty,parenthesizedExpsQty,stringLiteralsQty,numbersQty,assignmentsQty,mathOperationsQty,variablesQty,maxNestedBlocksQty,anonymousClassesQty,innerClassesQty,lambdasQty,uniqueWordsQty,modifiers,logStatementsQty
/Users/svenjaadam/Desktop/caesars-gambit/Backend/src/main/java/com/risiko/model/dto/UserDto.java,com.risiko.model.dto.UserDto,class,0,1,1,0,4,1,0,0,0,0.25,0.0,0.0,4,0,4,0,0,0,4,0,0,0,1,0,0,1,0,0,0,0,0,14,1,0,0,0,0,0,0,2,0,1,0,0,0,0,6,1,0
/Users/svenjaadam/Desktop/caesars-gambit/Backend/src/main/java/com/risiko/config/SecurityConfig.java,com.risiko.config.SecurityConfig,class,9,9,0,9,3,1,0,15,1,0.33333334,0.0,0.0,3,0,3,0,0,0,3,0,0,0,1,0,0,1,0,0,1,0,0,13,2,0,0,0,0,2,0,1,0,6,0,0,0,5,26,1,0
/Users/svenjaadam/Desktop/caesars-gambit/Backend/src/main/java/com/risiko/model/dto/ContinentConquered.java,com.risiko.model.dto.ContinentConquered,class,0,1,1,0,4,1,0,0,2,0.5,0.0,0.0,4,0,4,0,0,0,4,0,0,0,2,0,0,2,0,0,0,0,0,16,2,0,0,0,0,0,0,2,0,2,0,0,0,0,7,1,0
/Users/svenjaadam/Desktop/caesars-gambit/Backend/src/main/java/com/risiko/model/Gamestate.java,com.risiko.model.Gamestate,class,10,13,3,10,46,1,0,65,0,0.6166667,0.0,0.0,12,1,12,0,0,0,12,0,0,0,5,1,0,5,0,0,4,0,24,196,10,12,6,0,4,16,34,53,15,49,4,0,0,7,128,1,0
/Users/svenjaadam/Desktop/caesars-gambit/Backend/src/main/java/com/risiko/services/AuthService.java,com.risiko.services.AuthService,class,11,16,5,11,15,1,0,23,0,0.26666668,0.0,0.0,5,0,5,0,0,0,5,0,0,0,3,0,0,3,0,0,3,0,0,45,4,0,2,0,0,9,0,10,0,9,1,0,0,2,36,1,0
/Users/svenjaadam/Desktop/caesars-gambit/Backend/src/main/java/com/risiko/model/Territorries.java,com.risiko.model.Territorries,enum,2,7,5,2,15,1,0,11,9,0.5714286,0.0,0.0,7,3,5,1,0,1,7,0,0,0,2,0,0,2,0,0,2,0,131,173,8,2,1,0,0,60,0,2,0,2,4,0,0,0,72,1,0
/Users/svenjaadam/Desktop/caesars-gambit/Backend/src/main/java/com/risiko/contoller/AuthController.java,com.risiko.contoller.AuthController$RegisterReq,record,0,0,0,0,0,1,0,0,0,0.0,-1.0,-1.0,0,0,0,0,0,0,0,0,0,0,0,0,0,0,0,0,0,0,0,1,0,0,0,0,0,0,0,0,0,0,0,0,0,0,4,9,0
/Users/svenjaadam/Desktop/caesars-gambit/Backend/src/main/java/com/risiko/security/JwtUtil.java,com.risiko.security.JwtUtil,class,3,6,3,3,8,1,0,19,10,0.8,0.0,0.0,5,0,4,1,0,0,4,0,0,0,2,0,0,2,0,0,0,0,0,30,8,0,0,1,1,4,0,3,1,5,1,0,0,0,32,1,0
/Users/svenjaadam/Desktop/caesars-gambit/Backend/src/main/java/com/risiko/model/dto/TerritoryStateDto.java,com.risiko.model.dto.TerritoryStateDto,class,0,1,1,0,8,1,0,0,10,0.625,0.0,0.0,8,0,8,0,0,0,8,0,0,0,3,0,0,3,0,0,0,0,0,30,3,0,0,0,0,0,0,6,0,3,0,0,0,0,10,1,0
/Users/svenjaadam/Desktop/caesars-gambit/Backend/src/main/java/com/risiko/exception/GlobalExceptionHandler.java,com.risiko.exception.GlobalExceptionHandler,class,4,4,0,4,3,1,0,5,3,0.0,0.0,0.0,3,0,3,0,0,0,3,0,0,0,0,0,0,0,0,0,0,0,3,11,3,0,0,0,0,4,0,0,0,0,0,0,0,0,12,1,0
/Users/svenjaadam/Desktop/caesars-gambit/Backend/src/main/java/com/risiko/contoller/RoomController.java,com.risiko.contoller.RoomController,class,16,16,0,16,12,1,0,16,0,0.42857143,0.0,0.0,7,0,7,0,0,0,7,0,0,0,3,0,0,3,0,0,2,0,1,40,3,0,1,0,0,17,0,8,0,7,2,0,0,0,34,1,0
/Users/svenjaadam/Desktop/caesars-gambit/Backend/src/main/java/com/risiko/services/RoomService.java,com.risiko.services.RoomService,class,7,10,3,7,13,1,0,10,0,0.6296297,0.0,0.0,9,0,9,0,0,0,9,0,0,0,3,0,0,3,0,0,3,0,0,50,7,0,4,0,0,1,1,9,0,9,1,0,0,0,34,1,0
/Users/svenjaadam/Desktop/caesars-gambit/Backend/src/main/java/com/risiko/config/WebConfig.java,com.risiko.config.WebConfig$Anonymous1,anonymous,2,2,0,2,1,1,0,6,0,0.0,NaN,NaN,1,0,1,0,0,0,1,0,0,0,0,0,0,0,0,0,0,0,0,5,0,0,0,0,0,7,0,0,0,0,0,0,0,0,9,-1,0
/Users/svenjaadam/Desktop/caesars-gambit/Backend/src/main/java/com/risiko/contoller/AuthController.java,com.risiko.contoller.AuthController$LoginReq,record,0,0,0,0,0,1,0,0,0,0.0,-1.0,-1.0,0,0,0,0,0,0,0,0,0,0,0,0,0,0,0,0,0,0,0,1,0,0,0,0,0,0,0,0,0,0,0,0,0,0,4,9,0
/Users/svenjaadam/Desktop/caesars-gambit/Backend/src/main/java/com/risiko/model/dto/UpdateUsernameRequest.java,com.risiko.model.dto.UpdateUsernameRequest,class,0,1,1,0,4,1,0,0,0,0.25,0.0,0.0,4,0,4,0,0,0,4,0,0,0,1,0,0,1,0,0,0,0,0,14,1,0,0,0,0,0,0,2,0,1,0,0,0,0,6,1,0
/Users/svenjaadam/Desktop/caesars-gambit/Backend/src/main/java/com/risiko/model/dto/AttackResultDto.java,com.risiko.model.dto.AttackResultDto,class,0,1,1,0,15,1,0,0,63,0.8000001,0.0,0.0,15,0,15,0,0,0,15,0,0,0,7,0,0,7,0,0,0,0,0,60,7,0,0,0,0,0,0,14,0,7,0,0,0,0,20,1,0
/Users/svenjaadam/Desktop/caesars-gambit/Backend/src/main/java/com/risiko/model/Continent.java,com.risiko.model.Continent,enum,2,3,1,2,4,1,0,6,0,0.375,0.0,0.0,4,0,3,0,0,1,4,0,0,0,2,0,0,2,0,0,2,0,3,16,3,0,0,0,0,0,6,2,0,2,0,0,0,0,31,1,0
/Users/svenjaadam/Desktop/caesars-gambit/Backend/src/main/java/com/risiko/config/WebConfig.java,com.risiko.config.WebConfig,class,9,11,2,9,3,1,0,14,3,0.6666667,0.0,0.0,3,0,2,1,0,0,2,0,0,0,1,0,0,1,0,0,0,0,3,25,3,0,0,0,0,9,1,2,0,4,0,1,0,1,20,1,0
/Users/svenjaadam/Desktop/caesars-gambit/Backend/src/main/java/com/risiko/RisikoApplication.java,com.risiko.RisikoApplication,class,3,4,1,3,1,1,0,1,0,0.0,NaN,NaN,1,1,1,0,0,0,1,0,0,0,0,0,0,0,0,0,0,0,0,5,0,0,0,0,0,0,0,0,0,0,0,0,0,0,4,1,0
/Users/svenjaadam/Desktop/caesars-gambit/Backend/src/main/java/com/risiko/model/User.java,com.risiko.model.User,class,6,13,7,6,10,1,0,1,35,0.8,0.0,0.0,10,0,9,0,1,0,10,0,0,0,5,0,0,5,0,0,0,0,1,37,5,0,0,0,0,1,0,5,0,5,0,0,0,0,25,1,0
/Users/svenjaadam/Desktop/caesars-gambit/Backend/src/main/java/com/risiko/exception/AppException.java,com.risiko.exception.AppException,class,1,7,6,1,2,4,0,0,0,0.0,0.0,0.0,2,0,2,0,0,0,2,0,0,0,1,0,0,1,0,0,1,0,0,10,1,0,0,0,0,0,0,1,0,1,0,0,0,0,8,1,0
/Users/svenjaadam/Desktop/caesars-gambit/Backend/src/main/java/com/risiko/repository/UserRepository.java,com.risiko.repository.UserRepository,interface,3,9,6,3,4,1,0,0,6,0.0,0.0,0.0,4,0,0,0,0,4,4,0,0,0,0,0,0,0,0,0,0,0,0,6,0,0,0,0,0,0,0,0,0,0,0,0,0,0,11,1,0
/Users/svenjaadam/Desktop/caesars-gambit/Backend/src/main/java/com/risiko/model/Player.java,com.risiko.model.Player,class,5,10,5,5,34,1,0,13,84,0.8312501,0.0,0.0,20,0,20,0,0,0,20,0,0,0,8,0,2,6,0,0,3,0,3,115,11,1,2,0,0,11,9,13,6,10,1,0,0,0,71,1,0
/Users/svenjaadam/Desktop/caesars-gambit/Backend/src/main/java/com/risiko/contoller/AuthController.java,com.risiko.contoller.AuthController,class,13,14,1,13,5,1,0,19,4,0.4,0.0,0.0,5,0,4,1,0,0,4,0,0,0,1,0,0,1,0,0,1,0,3,27,3,0,0,0,0,17,2,5,0,5,0,0,2,0,25,1,0
/Users/svenjaadam/Desktop/caesars-gambit/Backend/src/main/java/com/risiko/model/dto/ChatMessageDto.java,com.risiko.model.dto.ChatMessageDto,class,0,1,1,0,6,1,0,0,3,0.5,0.0,0.0,6,0,6,0,0,0,6,0,0,0,2,0,0,2,0,0,0,0,0,22,2,0,0,0,0,0,0,4,0,2,0,0,0,0,8,1,0
/Users/svenjaadam/Desktop/caesars-gambit/Backend/src/main/java/com/risiko/contoller/GameController.java,com.risiko.contoller.GameController,class,19,25,6,19,19,1,0,42,0,0.14285715,0.0,0.0,7,0,7,0,0,0,7,0,0,0,2,0,0,2,0,0,2,0,11,79,1,1,8,2,3,30,1,17,1,22,2,0,0,11,56,1,0
/Users/svenjaadam/Desktop/caesars-gambit/Backend/src/main/java/com/risiko/contoller/UserController.java,com.risiko.contoller.UserController,class,11,11,0,11,2,1,0,5,0,0.0,0.0,0.0,2,0,2,0,0,0,2,0,0,0,1,0,0,1,0,0,0,0,0,11,2,0,0,0,0,3,0,2,0,3,0,0,0,0,15,1,0
/Users/svenjaadam/Desktop/caesars-gambit/Backend/src/main/java/com/risiko/security/JwtAuthenticationFilter.java,com.risiko.security.JwtAuthenticationFilter,class,11,12,1,11,11,2,0,18,0,0.0,0.0,0.0,2,0,1,0,1,0,2,0,0,0,2,0,0,2,0,0,2,0,0,37,0,1,4,0,0,4,1,11,0,9,3,0,0,0,36,1,0
/Users/svenjaadam/Desktop/caesars-gambit/Backend/src/main/java/com/risiko/model/dto/LobbyPlayerDto.java,com.risiko.model.dto.LobbyPlayerDto,class,0,1,1,0,6,1,0,0,3,0.5,0.0,0.0,6,0,6,0,0,0,6,0,0,0,2,0,0,2,0,0,0,0,0,22,2,0,0,0,0,0,0,4,0,2,0,0,0,0,10,1,0
/Users/svenjaadam/Desktop/caesars-gambit/Backend/src/main/java/com/risiko/model/Room.java,com.risiko.model.Room,class,9,14,5,9,21,1,0,19,0,0.6212121,0.0,0.0,11,0,11,0,0,0,11,0,0,0,6,0,0,6,0,0,3,0,5,71,5,0,7,0,0,7,0,16,0,22,1,0,0,10,48,1,0
